Workbook

Sheet 갑지
A1: 견 적 서 / ESTIMATE
A2: 수신 | B2: 스노우스페이스 귀하 | D2: 상호명 | E2: 루멘스코리아
A3: 건명 | B3: 홍대 컨퍼런스룸 커브드+평면 LED전광판 구축 | D3: 대표자 | E3: 정현우
A4: 견적일 | B4: 2026-01-20 | D4: 사업자번호 | E4: 129-81-77450
A5: 문서번호 | B5: 20260120-LK01 | D5: 연락처 | E5: 031-426-8800 / info@lumenskorea.com
A6: 유효기간 | B6: 견적일로부터 14일 | D6: 주소 | E6: 경기도 안양시 동안구 시민대로 327, 디지털엠파이어 A동 1102호
A8: 합계금액 (VAT 포함) | E8: =H13
A10: No | B10: 품명(제품) | C10: 규격 | D10: Pitch | E10: 밝기 | F10: VAT별도 | G10: 세액 | H10: VAT포함
A11: 1 | B11: 커브드 LED | C11: 12,160 x 3,040mm (상세: '커브드' 시트) | D11: P2.5 | E11: 600cd/㎡ | F11: ='커브드'!G9 | G11: ='커브드'!H9 | H11: ='커브드'!H10
A12: 2 | B12: 플랫 LED | C12: 7,040 x 2,720mm (상세: '플랫' 시트) | D12: P2.5 | E12: 600cd/㎡ | F12: ='플랫'!G9 | G12: ='플랫'!H9 | H12: ='플랫'!H10
A13: 합 계 | F13: =SUM(F11:F12) | G13: =SUM(G11:G12) | H13: =SUM(H11:H12)
A15: 특 이 사 항
A16: ▶ 납기(도입 가능일): 발주 후 45일 (설계 변경 시 추가일수 적용)
A18: ▶ 소프트웨어(운영 PC/CMS): 미포함
A19: ▶ 선금 50% / 잔금 50%
A20: ▶ 예비견적이며 실사 후 변동 가능
A21: ▶ 유효기간 견적일로부터 2주

Sheet 커브드
A1: 루멘스코리아 - 커브드 LED 상세 견적
A3: [ 커브드 LED ] 12,160 x 3,040mm · P2.5 · 해상도 4,864x1,216 · 600cd/㎡ · 면적 36.97㎡ · 모듈 722EA / 캐비닛 114EA
A4: No | B4: 품명 | C4: 규격 | D4: 수량 | E4: 단위 | F4: 단가 | G4: 공급가액 | H4: 세액
A5: 1 | B5: LED 디스플레이 | C5: GSR-Flex P2.5 Die-casting | D5: 1 | E5: SET | F5: 22000000 | G5: =D5*F5 | H5: =ROUND(G5*0.1,0)
A6: 2 | B6: LED Controller | C6: Colorlight X16m | D6: 1 | E6: SET | F6: 1100000 | G6: =D6*F6 | H6: =ROUND(G6*0.1,0)
A7: 3 | B7: 구조물/Cable/배전반 | C7: 함체·구조물 제작 | D7: 1 | E7: SET | F7: 5000000 | G7: =D7*F7 | H7: =ROUND(G7*0.1,0)
A8: 4 | B8: 설치공사 인건비 | C8: LED/구조물 설치 | D8: 1 | E8: SET | F8: 2400000 | G8: =D8*F8 | H8: =ROUND(G8*0.1,0)
A9: 계 (VAT 별도) | G9: =SUM(G5:G8) | H9: =SUM(H5:H8)
A10: VAT 포함 합계 | H10: =G9+H9

Sheet 플랫
A1: 루멘스코리아 - 플랫 LED 상세 견적
A3: [ 플랫 LED ] 7,040 x 2,720mm · P2.5 · 해상도 2,816x1,088 · 600cd/㎡ · 면적 19.15㎡ · 모듈 374EA / 캐비닛 66EA
A4: No | B4: 품명 | C4: 규격 | D4: 수량 | E4: 단위 | F4: 단가 | G4: 공급가액 | H4: 세액
A5: 1 | B5: LED 디스플레이 | C5: GSR P2.5 Die-casting | D5: 1 | E5: SET | F5: 13000000 | G5: =D5*F5 | H5: =ROUND(G5*0.1,0)
A6: 2 | B6: LED Controller | C6: Colorlight X8m | D6: 1 | E6: SET | F6: 1100000 | G6: =D6*F6 | H6: =ROUND(G6*0.1,0)
A7: 3 | B7: 구조물/Cable/배전반 | C7: 함체·구조물 제작 | D7: 1 | E7: SET | F7: 8200000 | G7: =D7*F7 | H7: =ROUND(G7*0.1,0)
A8: 4 | B8: 설치공사 인건비 | C8: LED/구조물 설치 | D8: 1 | E8: SET | F8: 2700000 | G8: =D8*F8 | H8: =ROUND(G8*0.1,0)
A9: 계 (VAT 별도) | G9: =SUM(G5:G8) | H9: =SUM(H5:H8)
A10: VAT 포함 합계 | H10: =G9+H9
