Workbook

Sheet 옵션비교
A1: 옵티마비전 견적서 (옵션 비교 · 택1)
A2: 수신 | B2: (주)일강이앤아이 귀하
A3: 건명 | B3: 충북 음성공장 회의실 태양광 발전 현황판 디스플레이 구축
A4: 견적일 | B4: 2025-12-14
A5: 문서번호 | B5: OPT-2025-1214
A7: ■ 옵션 비교 요약
A9: 옵션 | B9: 사양 요약 | C9: Pitch/베젤 | D9: 밝기 | E9: VAT별도 | F9: 세액 | G9: VAT포함 | H9: 비고
A10: 옵션A | B10: 비디오월 46" 3×3 · 베젤 0.88mm(베젤리스) · 500nit | C10: 베젤0.88mm | D10: 500nit | E10: =옵션A!G10 -> 17270000 | F10: =옵션A!H10 -> 1727000 | G10: =옵션A!H11 -> 18997000 | H10: 비디오월
A11: 옵션B | B11: LED P1.56 · 3,000×2,000mm · SMD · 600nit | C11: P1.56 | D11: 600nit | E11: =옵션B!G10 -> 12800000 | F11: =옵션B!H10 -> 1280000 | G11: =옵션B!H11 -> 14080000 | H11: LED 전광판
A13: ▶ 납기: 발주 후 60일
A14: ▶ 무상보증: 설치완료 후 20년 무상
A15: ▶ 결제: 선금 50% / 잔금 50%
A16: ▶ 비디오월(옵션A)·LED(옵션B) 두 솔루션 동시 제안 (택1)
A17: ▶ 현황판 콘텐츠 운영 PC 포함
A18: ▶ 현장 실사 후 변동 가능

Sheet 옵션A
A1: 옵티마비전 - 옵션A 46" 비디오월 3x3
A3: 비디오월 46" 3×3 · 베젤 0.88mm(베젤리스) · 500nit · 3,067×1,728mm
A4: No | B4: 품명 | C4: 규격 | D4: 수량 | E4: 단위 | F4: 단가 | G4: 공급가액 | H4: 세액
A5: 1 | B5: 비디오월 패널 | C5: 46" FHD 0.88mm 베젤리스 / 500nit | D5: 9 | E5: EA | F5: 1350000 | G5: =D5*F5 -> 12150000 | H5: =ROUND(G5*0.1,0) -> 1215000
A6: 2 | B6: 브라켓 | C6: 46" 전용 브라켓 | D6: 9 | E6: EA | F6: 180000 | G6: =D6*F6 -> 1620000 | H6: =ROUND(G6*0.1,0) -> 162000
A7: 3 | B7: 설치비 | C7: 3x3 설치·시운전 | D7: 1 | E7: 식 | F7: 3200000 | G7: =D7*F7 -> 3200000 | H7: =ROUND(G7*0.1,0) -> 320000
A8: 4 | B8: 잡자재 | C8: 케이블·잡자재 | D8: 1 | E8: 식 | F8: 300000 | G8: =D8*F8 -> 300000 | H8: =ROUND(G8*0.1,0) -> 30000
A10: 공급가액 / 세액 합계 | G10: =SUM(G5:G8) -> 17270000 | H10: =SUM(H5:H8) -> 1727000
A11: 합계 (VAT 포함) | H11: =G10+H10 -> 18997000

Sheet 옵션B
A1: 옵티마비전 - 옵션B LED 전광판 P1.56
A3: LED P1.56 · 3,000×2,000mm · SMD · 600nit · 1,923×1,282px
A4: No | B4: 품명 | C4: 규격 | D4: 수량 | E4: 단위 | F4: 단가 | G4: 공급가액 | H4: 세액
A5: 1 | B5: LED 디스플레이 | C5: P1.56 SMD / 600nit / 캐비닛 600x400 | D5: 25 | E5: EA | F5: 360000 | G5: =D5*F5 -> 9000000 | H5: =ROUND(G5*0.1,0) -> 900000
A6: 2 | B6: 컨트롤러 | C6: Colorlight X8E | D6: 1 | E6: 식 | F6: 1400000 | G6: =D6*F6 -> 1400000 | H6: =ROUND(G6*0.1,0) -> 140000
A7: 3 | B7: 운영PC | C7: i5 / 8G / 256GB | D7: 1 | E7: EA | F7: 900000 | G7: =D7*F7 -> 900000 | H7: =ROUND(G7*0.1,0) -> 90000
A8: 4 | B8: 설치비 | C8: 설치·시운전 | D8: 1 | E8: 식 | F8: 1500000 | G8: =D8*F8 -> 1500000 | H8: =ROUND(G8*0.1,0) -> 150000
A10: 공급가액 / 세액 합계 | G10: =SUM(G5:G8) -> 12800000 | H10: =SUM(H5:H8) -> 1280000
A11: 합계 (VAT 포함) | H11: =G10+H10 -> 14080000
